[
  {
    "project_id": "proj_001",
    "recommendation_id": "rec_001",
    "recommendation_type": "ceo_insight",
    "recommendation_text": "تأمين تمويل إضافي فوري",
    "action_taken": "implemented",
    "implementation_date": "2026-01-31T18:14:32.251512",
    "outcome": "success",
    "outcome_details": "تم تأمين 500K من مستثمر ملاك",
    "impact_score": 0.8,
    "original_features": {
      "budget": "150000",
      "team_size": "3"
    },
    "original_prediction": {
      "success_probability": 0.35
    },
    "actual_features": {
      "budget": "650000",
      "team_size": "3"
    },
    "actual_outcome": "success",
    "created_at": "2026-01-31T18:14:32.251512",
    "updated_at": "2026-01-31T18:14:32.251512",
    "notes": "التمويل ساعد في تسريع التطوير"
  }
]