[
  {
    "id": 142,
    "title": "نظام مكلف لـمالية",
    "description": "وصف تفصيلي للفكرة في مجال مالية. ",
    "sector": "مالية",
    "budget": 385974,
    "team_size": 2,
    "timeline_months": 36,
    "market_demand": 52,
    "tech_feasibility": 56,
    "competitive_advantage": 36,
    "user_engagement": 49,
    "tags_count": 1,
    "hypothesis_validation_rate": 0.3834959225741752,
    "rat_completion_rate": 0.3199162258949655,
    "success": 0
  },
  {
    "id": 51,
    "title": "منصة مبتكر لـمالية",
    "description": "وصف تفصيلي للفكرة في مجال مالية. وصف تفصيلي للفكرة في مجال مالية. وصف تفصيلي للفكرة في مجال مالية. وصف تفصيلي للفكرة في مجال مالية. ",
    "sector": "مالية",
    "budget": 107138,
    "team_size": 6,
    "timeline_months": 7,
    "market_demand": 83,
    "tech_feasibility": 70,
    "competitive_advantage": 62,
    "user_engagement": 84,
    "tags_count": 4,
    "hypothesis_validation_rate": 0.8894162319102263,
    "rat_completion_rate": 0.7324296248972819,
    "success": 1
  },
  {
    "id": 92,
    "title": "نظام مكلف لـصحة",
    "description": "وصف تفصيلي للفكرة في مجال صحة. ",
    "sector": "صحة",
    "budget": 401881,
    "team_size": 26,
    "timeline_months": 2,
    "market_demand": 46,
    "tech_feasibility": 50,
    "competitive_advantage": 23,
    "user_engagement": 46,
    "tags_count": 2,
    "hypothesis_validation_rate": 0.2632463542790802,
    "rat_completion_rate": 0.5806086101524237,
    "success": 0
  },
  {
    "id": 102,
    "title": "نظام صعب لـطاقة",
    "description": "",
    "sector": "طاقة",
    "budget": 472446,
    "team_size": 1,
    "timeline_months": 27,
    "market_demand": 42,
    "tech_feasibility": 30,
    "competitive_advantage": 25,
    "user_engagement": 24,
    "tags_count": 2,
    "hypothesis_validation_rate": 0.3629378539347182,
    "rat_completion_rate": 0.22783416849933458,
    "success": 0
  },
  {
    "id": 57,
    "title": "منصة سريع لـتقنية",
    "description": "وصف تفصيلي للفكرة في مجال تقنية. وصف تفصيلي للفكرة في مجال تقنية. ",
    "sector": "تقنية",
    "budget": 113270,
    "team_size": 8,
    "timeline_months": 9,
    "market_demand": 91,
    "tech_feasibility": 82,
    "competitive_advantage": 70,
    "user_engagement": 82,
    "tags_count": 6,
    "hypothesis_validation_rate": 0.7937708699222856,
    "rat_completion_rate": 0.8472464005235758,
    "success": 1
  },
  {
    "id": 111,
    "title": "نظام صعب لـتجزئة",
    "description": "وصف تفصيلي للفكرة في مجال تجزئة. وصف تفصيلي للفكرة في مجال تجزئة. ",
    "sector": "تجزئة",
    "budget": 35946,
    "team_size": 29,
    "timeline_months": 28,
    "market_demand": 52,
    "tech_feasibility": 34,
    "competitive_advantage": 50,
    "user_engagement": 18,
    "tags_count": 1,
    "hypothesis_validation_rate": 0.14140075090815665,
    "rat_completion_rate": 0.5596507335823093,
    "success": 0
  },
  {
    "id": 83,
    "title": "منصة فعال لـتجزئة",
    "description": "وصف تفصيلي للفكرة في مجال تجزئة. وصف تفصيلي للفكرة في مجال تجزئة. ",
    "sector": "تجزئة",
    "budget": 95893,
    "team_size": 3,
    "timeline_months": 12,
    "market_demand": 84,
    "tech_feasibility": 84,
    "competitive_advantage": 70,
    "user_engagement": 75,
    "tags_count": 7,
    "hypothesis_validation_rate": 0.6429353160385529,
    "rat_completion_rate": 0.8383449740064992,
    "success": 1
  },
  {
    "id": 25,
    "title": "منصة متقدم لـنقل",
    "description": "وصف تفصيلي للفكرة في مجال نقل. وصف تفصيلي للفكرة في مجال نقل. وصف تفصيلي للفكرة في مجال نقل. ",
    "sector": "نقل",
    "budget": 69016,
    "team_size": 3,
    "timeline_months": 10,
    "market_demand": 66,
    "tech_feasibility": 67,
    "competitive_advantage": 89,
    "user_engagement": 66,
    "tags_count": 7,
    "hypothesis_validation_rate": 0.6795601244251204,
    "rat_completion_rate": 0.9799778133981127,
    "success": 1
  },
  {
    "id": 17,
    "title": "منصة سريع لـمالية",
    "description": "وصف تفصيلي للفكرة في مجال مالية. وصف تفصيلي للفكرة في مجال مالية. وصف تفصيلي للفكرة في مجال مالية. وصف تفصيلي للفكرة في مجال مالية. ",
    "sector": "مالية",
    "budget": 84684,
    "team_size": 8,
    "timeline_months": 12,
    "market_demand": 90,
    "tech_feasibility": 72,
    "competitive_advantage": 85,
    "user_engagement": 85,
    "tags_count": 6,
    "hypothesis_validation_rate": 0.6571229743085633,
    "rat_completion_rate": 0.729079244268647,
    "success": 1
  },
  {
    "id": 23,
    "title": "منصة ذكي لـتعليم",
    "description": "وصف تفصيلي للفكرة في مجال تعليم. وصف تفصيلي للفكرة في مجال تعليم. وصف تفصيلي للفكرة في مجال تعليم. وصف تفصيلي للفكرة في مجال تعليم. ",
    "sector": "تعليم",
    "budget": 71000,
    "team_size": 4,
    "timeline_months": 4,
    "market_demand": 64,
    "tech_feasibility": 86,
    "competitive_advantage": 70,
    "user_engagement": 72,
    "tags_count": 3,
    "hypothesis_validation_rate": 0.8824788381687269,
    "rat_completion_rate": 0.8709026230414555,
    "success": 1
  },
  {
    "id": 63,
    "title": "منصة مبتكر لـصحة",
    "description": "وصف تفصيلي للفكرة في مجال صحة. وصف تفصيلي للفكرة في مجال صحة. وصف تفصيلي للفكرة في مجال صحة. وصف تفصيلي للفكرة في مجال صحة. ",
    "sector": "صحة",
    "budget": 178908,
    "team_size": 3,
    "timeline_months": 12,
    "market_demand": 63,
    "tech_feasibility": 69,
    "competitive_advantage": 64,
    "user_engagement": 85,
    "tags_count": 7,
    "hypothesis_validation_rate": 0.8847376927074093,
    "rat_completion_rate": 0.725554272518869,
    "success": 1
  },
  {
    "id": 68,
    "title": "منصة مبتكر لـتعليم",
    "description": "وصف تفصيلي للفكرة في مجال تعليم. وصف تفصيلي للفكرة في مجال تعليم. ",
    "sector": "تعليم",
    "budget": 93495,
    "team_size": 5,
    "timeline_months": 12,
    "market_demand": 78,
    "tech_feasibility": 79,
    "competitive_advantage": 62,
    "user_engagement": 74,
    "tags_count": 5,
    "hypothesis_validation_rate": 0.8099201054927152,
    "rat_completion_rate": 0.9828028722232123,
    "success": 1
  },
  {
    "id": 64,
    "title": "منصة مبتكر لـطاقة",
    "description": "وصف تفصيلي للفكرة في مجال طاقة. وصف تفصيلي للفكرة في مجال طاقة. وصف تفصيلي للفكرة في مجال طاقة. وصف تفصيلي للفكرة في مجال طاقة. ",
    "sector": "طاقة",
    "budget": 159097,
    "team_size": 7,
    "timeline_months": 12,
    "market_demand": 74,
    "tech_feasibility": 89,
    "competitive_advantage": 88,
    "user_engagement": 72,
    "tags_count": 6,
    "hypothesis_validation_rate": 0.8725513132871412,
    "rat_completion_rate": 0.7892059397552161,
    "success": 1
  },
  {
    "id": 125,
    "title": "نظام بطيء لـزراعة",
    "description": "",
    "sector": "زراعة",
    "budget": 396474,
    "team_size": 27,
    "timeline_months": 30,
    "market_demand": 31,
    "tech_feasibility": 45,
    "competitive_advantage": 42,
    "user_engagement": 46,
    "tags_count": 1,
    "hypothesis_validation_rate": 0.4697241866507854,
    "rat_completion_rate": 0.4077103414139768,
    "success": 0
  },
  {
    "id": 15,
    "title": "منصة آمن لـطاقة",
    "description": "وصف تفصيلي للفكرة في مجال طاقة. وصف تفصيلي للفكرة في مجال طاقة. وصف تفصيلي للفكرة في مجال طاقة. وصف تفصيلي للفكرة في مجال طاقة. ",
    "sector": "طاقة",
    "budget": 147889,
    "team_size": 6,
    "timeline_months": 11,
    "market_demand": 88,
    "tech_feasibility": 68,
    "competitive_advantage": 70,
    "user_engagement": 67,
    "tags_count": 3,
    "hypothesis_validation_rate": 0.7014256686442366,
    "rat_completion_rate": 0.87649261553717,
    "success": 1
  },
  {
    "id": 98,
    "title": "نظام بطيء لـصحة",
    "description": "",
    "sector": "صحة",
    "budget": 333080,
    "team_size": 2,
    "timeline_months": 32,
    "market_demand": 26,
    "tech_feasibility": 55,
    "competitive_advantage": 42,
    "user_engagement": 22,
    "tags_count": 2,
    "hypothesis_validation_rate": 0.3603666659525222,
    "rat_completion_rate": 0.5075850920418954,
    "success": 0
  },
  {
    "id": 107,
    "title": "نظام بطيء لـتجزئة",
    "description": "",
    "sector": "تجزئة",
    "budget": 305467,
    "team_size": 20,
    "timeline_months": 2,
    "market_demand": 47,
    "tech_feasibility": 57,
    "competitive_advantage": 23,
    "user_engagement": 30,
    "tags_count": 1,
    "hypothesis_validation_rate": 0.3355485153211648,
    "rat_completion_rate": 0.40958501720025264,
    "success": 0
  },
  {
    "id": 145,
    "title": "نظام قديم لـمالية",
    "description": "",
    "sector": "مالية",
    "budget": 33126,
    "team_size": 25,
    "timeline_months": 34,
    "market_demand": 40,
    "tech_feasibility": 60,
    "competitive_advantage": 25,
    "user_engagement": 44,
    "tags_count": 2,
    "hypothesis_validation_rate": 0.23693080707273848,
    "rat_completion_rate": 0.3417147954579251,
    "success": 0
  },
  {
    "id": 128,
    "title": "نظام معقد لـمالية",
    "description": "",
    "sector": "مالية",
    "budget": 361864,
    "team_size": 2,
    "timeline_months": 22,
    "market_demand": 43,
    "tech_feasibility": 41,
    "competitive_advantage": 34,
    "user_engagement": 19,
    "tags_count": 2,
    "hypothesis_validation_rate": 0.15507804313141071,
    "rat_completion_rate": 0.34677997946153294,
    "success": 0
  },
  {
    "id": 104,
    "title": "نظام محدود لـتعليم",
    "description": "",
    "sector": "تعليم",
    "budget": 321386,
    "team_size": 29,
    "timeline_months": 33,
    "market_demand": 46,
    "tech_feasibility": 38,
    "competitive_advantage": 26,
    "user_engagement": 47,
    "tags_count": 0,
    "hypothesis_validation_rate": 0.23806914219234476,
    "rat_completion_rate": 0.24435590888037223,
    "success": 0
  },
  {
    "id": 3,
    "title": "منصة ذكي لـنقل",
    "description": "وصف تفصيلي للفكرة في مجال نقل. وصف تفصيلي للفكرة في مجال نقل. وصف تفصيلي للفكرة في مجال نقل. وصف تفصيلي للفكرة في مجال نقل. وصف تفصيلي للفكرة في مجال نقل. ",
    "sector": "نقل",
    "budget": 91853,
    "team_size": 8,
    "timeline_months": 9,
    "market_demand": 81,
    "tech_feasibility": 73,
    "competitive_advantage": 64,
    "user_engagement": 66,
    "tags_count": 5,
    "hypothesis_validation_rate": 0.6306630829559546,
    "rat_completion_rate": 0.8139781901912012,
    "success": 1
  },
  {
    "id": 19,
    "title": "منصة سريع لـطاقة",
    "description": "وصف تفصيلي للفكرة في مجال طاقة. وصف تفصيلي للفكرة في مجال طاقة. وصف تفصيلي للفكرة في مجال طاقة. وصف تفصيلي للفكرة في مجال طاقة. ",
    "sector": "طاقة",
    "budget": 167601,
    "team_size": 4,
    "timeline_months": 9,
    "market_demand": 71,
    "tech_feasibility": 73,
    "competitive_advantage": 84,
    "user_engagement": 67,
    "tags_count": 3,
    "hypothesis_validation_rate": 0.732939223516037,
    "rat_completion_rate": 0.9584047314285491,
    "success": 1
  },
  {
    "id": 7,
    "title": "منصة مستدام لـطاقة",
    "description": "وصف تفصيلي للفكرة في مجال طاقة. وصف تفصيلي للفكرة في مجال طاقة. وصف تفصيلي للفكرة في مجال طاقة. وصف تفصيلي للفكرة في مجال طاقة. وصف تفصيلي للفكرة في مجال طاقة. ",
    "sector": "طاقة",
    "budget": 64663,
    "team_size": 4,
    "timeline_months": 3,
    "market_demand": 80,
    "tech_feasibility": 77,
    "competitive_advantage": 72,
    "user_engagement": 62,
    "tags_count": 4,
    "hypothesis_validation_rate": 0.8739408372556635,
    "rat_completion_rate": 0.8701540154435506,
    "success": 1
  },
  {
    "id": 53,
    "title": "منصة ذكي لـصحة",
    "description": "وصف تفصيلي للفكرة في مجال صحة. وصف تفصيلي للفكرة في مجال صحة. وصف تفصيلي للفكرة في مجال صحة. ",
    "sector": "صحة",
    "budget": 189655,
    "team_size": 6,
    "timeline_months": 8,
    "market_demand": 64,
    "tech_feasibility": 81,
    "competitive_advantage": 76,
    "user_engagement": 60,
    "tags_count": 6,
    "hypothesis_validation_rate": 0.8466992754270175,
    "rat_completion_rate": 0.7316616611931995,
    "success": 1
  },
  {
    "id": 95,
    "title": "نظام بطيء لـطاقة",
    "description": "",
    "sector": "طاقة",
    "budget": 35842,
    "team_size": 1,
    "timeline_months": 35,
    "market_demand": 31,
    "tech_feasibility": 33,
    "competitive_advantage": 41,
    "user_engagement": 16,
    "tags_count": 0,
    "hypothesis_validation_rate": 0.10594413089228355,
    "rat_completion_rate": 0.5159938656939016,
    "success": 0
  },
  {
    "id": 121,
    "title": "نظام معقد لـمالية",
    "description": "",
    "sector": "مالية",
    "budget": 37416,
    "team_size": 22,
    "timeline_months": 27,
    "market_demand": 20,
    "tech_feasibility": 49,
    "competitive_advantage": 31,
    "user_engagement": 30,
    "tags_count": 2,
    "hypothesis_validation_rate": 0.2666270380834159,
    "rat_completion_rate": 0.4657485206968036,
    "success": 0
  },
  {
    "id": 109,
    "title": "نظام محدود لـتعليم",
    "description": "",
    "sector": "تعليم",
    "budget": 34910,
    "team_size": 20,
    "timeline_months": 32,
    "market_demand": 40,
    "tech_feasibility": 57,
    "competitive_advantage": 40,
    "user_engagement": 35,
    "tags_count": 0,
    "hypothesis_validation_rate": 0.2759051265367456,
    "rat_completion_rate": 0.3875684334105493,
    "success": 0
  },
  {
    "id": 114,
    "title": "نظام مكلف لـتجزئة",
    "description": "",
    "sector": "تجزئة",
    "budget": 446518,
    "team_size": 1,
    "timeline_months": 31,
    "market_demand": 21,
    "tech_feasibility": 41,
    "competitive_advantage": 29,
    "user_engagement": 26,
    "tags_count": 0,
    "hypothesis_validation_rate": 0.23669293805261926,
    "rat_completion_rate": 0.5064624830671278,
    "success": 0
  },
  {
    "id": 137,
    "title": "نظام صعب لـزراعة",
    "description": "",
    "sector": "زراعة",
    "budget": 34925,
    "team_size": 1,
    "timeline_months": 21,
    "market_demand": 48,
    "tech_feasibility": 37,
    "competitive_advantage": 24,
    "user_engagement": 21,
    "tags_count": 0,
    "hypothesis_validation_rate": 0.21608480198796062,
    "rat_completion_rate": 0.3536599334006424,
    "success": 0
  },
  {
    "id": 26,
    "title": "منصة سريع لـصحة",
    "description": "وصف تفصيلي للفكرة في مجال صحة. وصف تفصيلي للفكرة في مجال صحة. وصف تفصيلي للفكرة في مجال صحة. ",
    "sector": "صحة",
    "budget": 124707,
    "team_size": 4,
    "timeline_months": 10,
    "market_demand": 94,
    "tech_feasibility": 87,
    "competitive_advantage": 74,
    "user_engagement": 79,
    "tags_count": 7,
    "hypothesis_validation_rate": 0.6023469321456474,
    "rat_completion_rate": 0.9451312405346385,
    "success": 1
  },
  {
    "id": 22,
    "title": "منصة آمن لـطاقة",
    "description": "وصف تفصيلي للفكرة في مجال طاقة. وصف تفصيلي للفكرة في مجال طاقة. وصف تفصيلي للفكرة في مجال طاقة. ",
    "sector": "طاقة",
    "budget": 65331,
    "team_size": 7,
    "timeline_months": 11,
    "market_demand": 63,
    "tech_feasibility": 88,
    "competitive_advantage": 75,
    "user_engagement": 61,
    "tags_count": 3,
    "hypothesis_validation_rate": 0.7752532783376913,
    "rat_completion_rate": 0.8508551148758541,
    "success": 1
  },
  {
    "id": 49,
    "title": "منصة سريع لـزراعة",
    "description": "وصف تفصيلي للفكرة في مجال زراعة. وصف تفصيلي للفكرة في مجال زراعة. وصف تفصيلي للفكرة في مجال زراعة. وصف تفصيلي للفكرة في مجال زراعة. ",
    "sector": "زراعة",
    "budget": 135680,
    "team_size": 5,
    "timeline_months": 9,
    "market_demand": 77,
    "tech_feasibility": 89,
    "competitive_advantage": 81,
    "user_engagement": 68,
    "tags_count": 3,
    "hypothesis_validation_rate": 0.741092050863914,
    "rat_completion_rate": 0.9247072783248552,
    "success": 1
  },
  {
    "id": 101,
    "title": "نظام قديم لـتجزئة",
    "description": "",
    "sector": "تجزئة",
    "budget": 457393,
    "team_size": 1,
    "timeline_months": 22,
    "market_demand": 34,
    "tech_feasibility": 57,
    "competitive_advantage": 23,
    "user_engagement": 37,
    "tags_count": 2,
    "hypothesis_validation_rate": 0.24702442024614008,
    "rat_completion_rate": 0.5050422527747398,
    "success": 0
  },
  {
    "id": 46,
    "title": "منصة شامل لـتقنية",
    "description": "وصف تفصيلي للفكرة في مجال تقنية. وصف تفصيلي للفكرة في مجال تقنية. وصف تفصيلي للفكرة في مجال تقنية. وصف تفصيلي للفكرة في مجال تقنية. ",
    "sector": "تقنية",
    "budget": 51545,
    "team_size": 5,
    "timeline_months": 7,
    "market_demand": 84,
    "tech_feasibility": 92,
    "competitive_advantage": 81,
    "user_engagement": 77,
    "tags_count": 7,
    "hypothesis_validation_rate": 0.8399604512823804,
    "rat_completion_rate": 0.9693434042197586,
    "success": 1
  },
  {
    "id": 27,
    "title": "منصة مبتكر لـنقل",
    "description": "وصف تفصيلي للفكرة في مجال نقل. وصف تفصيلي للفكرة في مجال نقل. ",
    "sector": "نقل",
    "budget": 119328,
    "team_size": 3,
    "timeline_months": 4,
    "market_demand": 95,
    "tech_feasibility": 69,
    "competitive_advantage": 72,
    "user_engagement": 69,
    "tags_count": 7,
    "hypothesis_validation_rate": 0.6631888964420829,
    "rat_completion_rate": 0.8028640863379776,
    "success": 1
  },
  {
    "id": 41,
    "title": "منصة مبتكر لـتقنية",
    "description": "وصف تفصيلي للفكرة في مجال تقنية. وصف تفصيلي للفكرة في مجال تقنية. وصف تفصيلي للفكرة في مجال تقنية. وصف تفصيلي للفكرة في مجال تقنية. وصف تفصيلي للفكرة في مجال تقنية. ",
    "sector": "تقنية",
    "budget": 161449,
    "team_size": 4,
    "timeline_months": 5,
    "market_demand": 93,
    "tech_feasibility": 79,
    "competitive_advantage": 58,
    "user_engagement": 77,
    "tags_count": 4,
    "hypothesis_validation_rate": 0.8752410043366321,
    "rat_completion_rate": 0.7364075797568153,
    "success": 1
  },
  {
    "id": 9,
    "title": "منصة شامل لـتجزئة",
    "description": "وصف تفصيلي للفكرة في مجال تجزئة. وصف تفصيلي للفكرة في مجال تجزئة. وصف تفصيلي للفكرة في مجال تجزئة. ",
    "sector": "تجزئة",
    "budget": 107493,
    "team_size": 4,
    "timeline_months": 11,
    "market_demand": 91,
    "tech_feasibility": 67,
    "competitive_advantage": 58,
    "user_engagement": 87,
    "tags_count": 3,
    "hypothesis_validation_rate": 0.6458523958044783,
    "rat_completion_rate": 0.747994600516735,
    "success": 1
  },
  {
    "id": 30,
    "title": "منصة ذكي لـتعليم",
    "description": "وصف تفصيلي للفكرة في مجال تعليم. وصف تفصيلي للفكرة في مجال تعليم. وصف تفصيلي للفكرة في مجال تعليم. ",
    "sector": "تعليم",
    "budget": 145591,
    "team_size": 3,
    "timeline_months": 8,
    "market_demand": 73,
    "tech_feasibility": 86,
    "competitive_advantage": 70,
    "user_engagement": 81,
    "tags_count": 3,
    "hypothesis_validation_rate": 0.7061035903843855,
    "rat_completion_rate": 0.8679650557431609,
    "success": 1
  },
  {
    "id": 100,
    "title": "نظام معقد لـمالية",
    "description": "",
    "sector": "مالية",
    "budget": 37255,
    "team_size": 1,
    "timeline_months": 2,
    "market_demand": 55,
    "tech_feasibility": 47,
    "competitive_advantage": 30,
    "user_engagement": 22,
    "tags_count": 1,
    "hypothesis_validation_rate": 0.24143923185350707,
    "rat_completion_rate": 0.4661362080011662,
    "success": 0
  },
  {
    "id": 72,
    "title": "منصة ذكي لـتجزئة",
    "description": "وصف تفصيلي للفكرة في مجال تجزئة. وصف تفصيلي للفكرة في مجال تجزئة. وصف تفصيلي للفكرة في مجال تجزئة. وصف تفصيلي للفكرة في مجال تجزئة. ",
    "sector": "تجزئة",
    "budget": 73084,
    "team_size": 5,
    "timeline_months": 7,
    "market_demand": 80,
    "tech_feasibility": 68,
    "competitive_advantage": 80,
    "user_engagement": 87,
    "tags_count": 7,
    "hypothesis_validation_rate": 0.8474781609806104,
    "rat_completion_rate": 0.7003453202344336,
    "success": 1
  },
  {
    "id": 56,
    "title": "منصة مستدام لـمالية",
    "description": "وصف تفصيلي للفكرة في مجال مالية. وصف تفصيلي للفكرة في مجال مالية. ",
    "sector": "مالية",
    "budget": 177808,
    "team_size": 4,
    "timeline_months": 8,
    "market_demand": 76,
    "tech_feasibility": 75,
    "competitive_advantage": 72,
    "user_engagement": 88,
    "tags_count": 7,
    "hypothesis_validation_rate": 0.8103551250996605,
    "rat_completion_rate": 0.7828805727268554,
    "success": 1
  },
  {
    "id": 6,
    "title": "منصة فعال لـزراعة",
    "description": "وصف تفصيلي للفكرة في مجال زراعة. وصف تفصيلي للفكرة في مجال زراعة. وصف تفصيلي للفكرة في مجال زراعة. ",
    "sector": "زراعة",
    "budget": 143132,
    "team_size": 4,
    "timeline_months": 7,
    "market_demand": 64,
    "tech_feasibility": 84,
    "competitive_advantage": 65,
    "user_engagement": 77,
    "tags_count": 4,
    "hypothesis_validation_rate": 0.6490207481285785,
    "rat_completion_rate": 0.8138366325272943,
    "success": 1
  },
  {
    "id": 67,
    "title": "منصة مبتكر لـمالية",
    "description": "وصف تفصيلي للفكرة في مجال مالية. وصف تفصيلي للفكرة في مجال مالية. وصف تفصيلي للفكرة في مجال مالية. وصف تفصيلي للفكرة في مجال مالية. وصف تفصيلي للفكرة في مجال مالية. ",
    "sector": "مالية",
    "budget": 111190,
    "team_size": 5,
    "timeline_months": 12,
    "market_demand": 72,
    "tech_feasibility": 78,
    "competitive_advantage": 62,
    "user_engagement": 77,
    "tags_count": 4,
    "hypothesis_validation_rate": 0.7942904170207442,
    "rat_completion_rate": 0.9725234335637818,
    "success": 1
  },
  {
    "id": 81,
    "title": "منصة شامل لـزراعة",
    "description": "وصف تفصيلي للفكرة في مجال زراعة. وصف تفصيلي للفكرة في مجال زراعة. وصف تفصيلي للفكرة في مجال زراعة. ",
    "sector": "زراعة",
    "budget": 177912,
    "team_size": 7,
    "timeline_months": 3,
    "market_demand": 64,
    "tech_feasibility": 72,
    "competitive_advantage": 73,
    "user_engagement": 67,
    "tags_count": 3,
    "hypothesis_validation_rate": 0.7301914415769377,
    "rat_completion_rate": 0.7295329379149593,
    "success": 1
  },
  {
    "id": 14,
    "title": "منصة فعال لـتعليم",
    "description": "وصف تفصيلي للفكرة في مجال تعليم. وصف تفصيلي للفكرة في مجال تعليم. وصف تفصيلي للفكرة في مجال تعليم. وصف تفصيلي للفكرة في مجال تعليم. وصف تفصيلي للفكرة في مجال تعليم. ",
    "sector": "تعليم",
    "budget": 174592,
    "team_size": 7,
    "timeline_months": 5,
    "market_demand": 76,
    "tech_feasibility": 81,
    "competitive_advantage": 82,
    "user_engagement": 90,
    "tags_count": 4,
    "hypothesis_validation_rate": 0.8786740479006531,
    "rat_completion_rate": 0.9265795589907416,
    "success": 1
  },
  {
    "id": 44,
    "title": "منصة مبتكر لـمالية",
    "description": "وصف تفصيلي للفكرة في مجال مالية. وصف تفصيلي للفكرة في مجال مالية. وصف تفصيلي للفكرة في مجال مالية. وصف تفصيلي للفكرة في مجال مالية. وصف تفصيلي للفكرة في مجال مالية. ",
    "sector": "مالية",
    "budget": 124901,
    "team_size": 4,
    "timeline_months": 7,
    "market_demand": 81,
    "tech_feasibility": 75,
    "competitive_advantage": 89,
    "user_engagement": 62,
    "tags_count": 4,
    "hypothesis_validation_rate": 0.645249197403926,
    "rat_completion_rate": 0.8149105877294014,
    "success": 1
  },
  {
    "id": 88,
    "title": "منصة فعال لـزراعة",
    "description": "وصف تفصيلي للفكرة في مجال زراعة. وصف تفصيلي للفكرة في مجال زراعة. ",
    "sector": "زراعة",
    "budget": 127361,
    "team_size": 5,
    "timeline_months": 9,
    "market_demand": 71,
    "tech_feasibility": 71,
    "competitive_advantage": 63,
    "user_engagement": 85,
    "tags_count": 7,
    "hypothesis_validation_rate": 0.8629381790119922,
    "rat_completion_rate": 0.8097572591845371,
    "success": 1
  },
  {
    "id": 77,
    "title": "منصة مستدام لـتجزئة",
    "description": "وصف تفصيلي للفكرة في مجال تجزئة. وصف تفصيلي للفكرة في مجال تجزئة. وصف تفصيلي للفكرة في مجال تجزئة. وصف تفصيلي للفكرة في مجال تجزئة. ",
    "sector": "تجزئة",
    "budget": 120037,
    "team_size": 3,
    "timeline_months": 7,
    "market_demand": 79,
    "tech_feasibility": 91,
    "competitive_advantage": 86,
    "user_engagement": 87,
    "tags_count": 4,
    "hypothesis_validation_rate": 0.7339642179129584,
    "rat_completion_rate": 0.8453024156655161,
    "success": 1
  },
  {
    "id": 96,
    "title": "نظام محدود لـطاقة",
    "description": "وصف تفصيلي للفكرة في مجال طاقة. ",
    "sector": "طاقة",
    "budget": 345677,
    "team_size": 1,
    "timeline_months": 2,
    "market_demand": 24,
    "tech_feasibility": 45,
    "competitive_advantage": 34,
    "user_engagement": 38,
    "tags_count": 2,
    "hypothesis_validation_rate": 0.3374664071472109,
    "rat_completion_rate": 0.38080216796350086,
    "success": 0
  },
  {
    "id": 90,
    "title": "منصة مستدام لـتجزئة",
    "description": "وصف تفصيلي للفكرة في مجال تجزئة. وصف تفصيلي للفكرة في مجال تجزئة. ",
    "sector": "تجزئة",
    "budget": 153435,
    "team_size": 3,
    "timeline_months": 7,
    "market_demand": 94,
    "tech_feasibility": 68,
    "competitive_advantage": 84,
    "user_engagement": 71,
    "tags_count": 5,
    "hypothesis_validation_rate": 0.7753680274956498,
    "rat_completion_rate": 0.9467251903680323,
    "success": 1
  },
  {
    "id": 141,
    "title": "نظام مكلف لـصحة",
    "description": "",
    "sector": "صحة",
    "budget": 397831,
    "team_size": 1,
    "timeline_months": 34,
    "market_demand": 52,
    "tech_feasibility": 31,
    "competitive_advantage": 21,
    "user_engagement": 17,
    "tags_count": 0,
    "hypothesis_validation_rate": 0.38543673852992266,
    "rat_completion_rate": 0.5215863420776847,
    "success": 0
  },
  {
    "id": 10,
    "title": "منصة مبتكر لـتجزئة",
    "description": "وصف تفصيلي للفكرة في مجال تجزئة. وصف تفصيلي للفكرة في مجال تجزئة. وصف تفصيلي للفكرة في مجال تجزئة. ",
    "sector": "تجزئة",
    "budget": 150039,
    "team_size": 7,
    "timeline_months": 10,
    "market_demand": 93,
    "tech_feasibility": 73,
    "competitive_advantage": 90,
    "user_engagement": 87,
    "tags_count": 3,
    "hypothesis_validation_rate": 0.8040850230769556,
    "rat_completion_rate": 0.7343655228951059,
    "success": 1
  },
  {
    "id": 103,
    "title": "نظام معقد لـتقنية",
    "description": "وصف تفصيلي للفكرة في مجال تقنية. ",
    "sector": "تقنية",
    "budget": 398617,
    "team_size": 2,
    "timeline_months": 29,
    "market_demand": 40,
    "tech_feasibility": 54,
    "competitive_advantage": 50,
    "user_engagement": 51,
    "tags_count": 2,
    "hypothesis_validation_rate": 0.13398281599087172,
    "rat_completion_rate": 0.22104353057020873,
    "success": 0
  },
  {
    "id": 146,
    "title": "نظام محدود لـنقل",
    "description": "وصف تفصيلي للفكرة في مجال نقل. ",
    "sector": "نقل",
    "budget": 364623,
    "team_size": 1,
    "timeline_months": 2,
    "market_demand": 51,
    "tech_feasibility": 40,
    "competitive_advantage": 35,
    "user_engagement": 37,
    "tags_count": 2,
    "hypothesis_validation_rate": 0.4734801499083202,
    "rat_completion_rate": 0.5181621424009334,
    "success": 0
  },
  {
    "id": 124,
    "title": "نظام مكلف لـنقل",
    "description": "",
    "sector": "نقل",
    "budget": 35923,
    "team_size": 2,
    "timeline_months": 35,
    "market_demand": 36,
    "tech_feasibility": 31,
    "competitive_advantage": 44,
    "user_engagement": 27,
    "tags_count": 1,
    "hypothesis_validation_rate": 0.24278967041414537,
    "rat_completion_rate": 0.51233662679137,
    "success": 0
  },
  {
    "id": 33,
    "title": "منصة سريع لـطاقة",
    "description": "وصف تفصيلي للفكرة في مجال طاقة. وصف تفصيلي للفكرة في مجال طاقة. ",
    "sector": "طاقة",
    "budget": 100627,
    "team_size": 6,
    "timeline_months": 8,
    "market_demand": 77,
    "tech_feasibility": 92,
    "competitive_advantage": 59,
    "user_engagement": 90,
    "tags_count": 5,
    "hypothesis_validation_rate": 0.7053438387248256,
    "rat_completion_rate": 0.8528217026584112,
    "success": 1
  },
  {
    "id": 36,
    "title": "منصة مستدام لـطاقة",
    "description": "وصف تفصيلي للفكرة في مجال طاقة. وصف تفصيلي للفكرة في مجال طاقة. وصف تفصيلي للفكرة في مجال طاقة. وصف تفصيلي للفكرة في مجال طاقة. ",
    "sector": "طاقة",
    "budget": 68343,
    "team_size": 8,
    "timeline_months": 8,
    "market_demand": 80,
    "tech_feasibility": 86,
    "competitive_advantage": 62,
    "user_engagement": 83,
    "tags_count": 5,
    "hypothesis_validation_rate": 0.7521367512105808,
    "rat_completion_rate": 0.9000678712317189,
    "success": 1
  },
  {
    "id": 71,
    "title": "منصة متقدم لـصحة",
    "description": "وصف تفصيلي للفكرة في مجال صحة. وصف تفصيلي للفكرة في مجال صحة. وصف تفصيلي للفكرة في مجال صحة. ",
    "sector": "صحة",
    "budget": 157046,
    "team_size": 5,
    "timeline_months": 8,
    "market_demand": 66,
    "tech_feasibility": 92,
    "competitive_advantage": 65,
    "user_engagement": 70,
    "tags_count": 6,
    "hypothesis_validation_rate": 0.8081021021950298,
    "rat_completion_rate": 0.7864653386084367,
    "success": 1
  },
  {
    "id": 132,
    "title": "نظام محدود لـتعليم",
    "description": "",
    "sector": "تعليم",
    "budget": 381078,
    "team_size": 30,
    "timeline_months": 2,
    "market_demand": 28,
    "tech_feasibility": 40,
    "competitive_advantage": 40,
    "user_engagement": 19,
    "tags_count": 1,
    "hypothesis_validation_rate": 0.28633327984842355,
    "rat_completion_rate": 0.406944004727944,
    "success": 0
  },
  {
    "id": 91,
    "title": "نظام معقد لـزراعة",
    "description": "وصف تفصيلي للفكرة في مجال زراعة. ",
    "sector": "زراعة",
    "budget": 306560,
    "team_size": 22,
    "timeline_months": 32,
    "market_demand": 46,
    "tech_feasibility": 33,
    "competitive_advantage": 24,
    "user_engagement": 17,
    "tags_count": 0,
    "hypothesis_validation_rate": 0.2217458337424021,
    "rat_completion_rate": 0.39704984759128237,
    "success": 0
  },
  {
    "id": 37,
    "title": "منصة شامل لـزراعة",
    "description": "وصف تفصيلي للفكرة في مجال زراعة. وصف تفصيلي للفكرة في مجال زراعة. وصف تفصيلي للفكرة في مجال زراعة. وصف تفصيلي للفكرة في مجال زراعة. وصف تفصيلي للفكرة في مجال زراعة. ",
    "sector": "زراعة",
    "budget": 127504,
    "team_size": 7,
    "timeline_months": 5,
    "market_demand": 72,
    "tech_feasibility": 78,
    "competitive_advantage": 79,
    "user_engagement": 81,
    "tags_count": 4,
    "hypothesis_validation_rate": 0.7846544747854142,
    "rat_completion_rate": 0.7902849623696696,
    "success": 1
  },
  {
    "id": 148,
    "title": "نظام مكلف لـمالية",
    "description": "وصف تفصيلي للفكرة في مجال مالية. ",
    "sector": "مالية",
    "budget": 441184,
    "team_size": 1,
    "timeline_months": 1,
    "market_demand": 35,
    "tech_feasibility": 31,
    "competitive_advantage": 41,
    "user_engagement": 48,
    "tags_count": 0,
    "hypothesis_validation_rate": 0.3551778293634551,
    "rat_completion_rate": 0.22099644273578511,
    "success": 0
  },
  {
    "id": 5,
    "title": "منصة سريع لـزراعة",
    "description": "وصف تفصيلي للفكرة في مجال زراعة. وصف تفصيلي للفكرة في مجال زراعة. وصف تفصيلي للفكرة في مجال زراعة. وصف تفصيلي للفكرة في مجال زراعة. وصف تفصيلي للفكرة في مجال زراعة. ",
    "sector": "زراعة",
    "budget": 68233,
    "team_size": 3,
    "timeline_months": 6,
    "market_demand": 78,
    "tech_feasibility": 67,
    "competitive_advantage": 69,
    "user_engagement": 87,
    "tags_count": 3,
    "hypothesis_validation_rate": 0.7140378675117498,
    "rat_completion_rate": 0.8360230907105306,
    "success": 1
  },
  {
    "id": 94,
    "title": "نظام قديم لـصحة",
    "description": "وصف تفصيلي للفكرة في مجال صحة. ",
    "sector": "صحة",
    "budget": 31027,
    "team_size": 2,
    "timeline_months": 1,
    "market_demand": 24,
    "tech_feasibility": 56,
    "competitive_advantage": 44,
    "user_engagement": 50,
    "tags_count": 0,
    "hypothesis_validation_rate": 0.3345532334326248,
    "rat_completion_rate": 0.5252211924484236,
    "success": 0
  },
  {
    "id": 105,
    "title": "نظام محدود لـمالية",
    "description": "وصف تفصيلي للفكرة في مجال مالية. ",
    "sector": "مالية",
    "budget": 357807,
    "team_size": 1,
    "timeline_months": 1,
    "market_demand": 28,
    "tech_feasibility": 54,
    "competitive_advantage": 28,
    "user_engagement": 33,
    "tags_count": 1,
    "hypothesis_validation_rate": 0.14799373748221967,
    "rat_completion_rate": 0.39895413144533076,
    "success": 0
  },
  {
    "id": 11,
    "title": "منصة مستدام لـنقل",
    "description": "وصف تفصيلي للفكرة في مجال نقل. وصف تفصيلي للفكرة في مجال نقل. ",
    "sector": "نقل",
    "budget": 126939,
    "team_size": 6,
    "timeline_months": 5,
    "market_demand": 89,
    "tech_feasibility": 65,
    "competitive_advantage": 71,
    "user_engagement": 76,
    "tags_count": 4,
    "hypothesis_validation_rate": 0.7523045023812975,
    "rat_completion_rate": 0.7319232468393114,
    "success": 1
  },
  {
    "id": 126,
    "title": "نظام قديم لـصحة",
    "description": "وصف تفصيلي للفكرة في مجال صحة. ",
    "sector": "صحة",
    "budget": 12586,
    "team_size": 2,
    "timeline_months": 20,
    "market_demand": 38,
    "tech_feasibility": 39,
    "competitive_advantage": 34,
    "user_engagement": 53,
    "tags_count": 2,
    "hypothesis_validation_rate": 0.27044642915321815,
    "rat_completion_rate": 0.4759059233781945,
    "success": 0
  },
  {
    "id": 150,
    "title": "نظام قديم لـصحة",
    "description": "وصف تفصيلي للفكرة في مجال صحة. ",
    "sector": "صحة",
    "budget": 27535,
    "team_size": 2,
    "timeline_months": 19,
    "market_demand": 51,
    "tech_feasibility": 35,
    "competitive_advantage": 49,
    "user_engagement": 33,
    "tags_count": 0,
    "hypothesis_validation_rate": 0.10370686739203992,
    "rat_completion_rate": 0.42718474746579815,
    "success": 0
  },
  {
    "id": 69,
    "title": "منصة متقدم لـمالية",
    "description": "وصف تفصيلي للفكرة في مجال مالية. وصف تفصيلي للفكرة في مجال مالية. ",
    "sector": "مالية",
    "budget": 60449,
    "team_size": 6,
    "timeline_months": 8,
    "market_demand": 76,
    "tech_feasibility": 65,
    "competitive_advantage": 60,
    "user_engagement": 67,
    "tags_count": 7,
    "hypothesis_validation_rate": 0.776136879512935,
    "rat_completion_rate": 0.70622363686466,
    "success": 1
  },
  {
    "id": 61,
    "title": "منصة ذكي لـنقل",
    "description": "وصف تفصيلي للفكرة في مجال نقل. وصف تفصيلي للفكرة في مجال نقل. وصف تفصيلي للفكرة في مجال نقل. وصف تفصيلي للفكرة في مجال نقل. وصف تفصيلي للفكرة في مجال نقل. ",
    "sector": "نقل",
    "budget": 190020,
    "team_size": 4,
    "timeline_months": 7,
    "market_demand": 62,
    "tech_feasibility": 66,
    "competitive_advantage": 90,
    "user_engagement": 69,
    "tags_count": 4,
    "hypothesis_validation_rate": 0.7913608965317782,
    "rat_completion_rate": 0.9258376527373762,
    "success": 1
  },
  {
    "id": 54,
    "title": "منصة متقدم لـزراعة",
    "description": "وصف تفصيلي للفكرة في مجال زراعة. وصف تفصيلي للفكرة في مجال زراعة. وصف تفصيلي للفكرة في مجال زراعة. وصف تفصيلي للفكرة في مجال زراعة. وصف تفصيلي للفكرة في مجال زراعة. ",
    "sector": "زراعة",
    "budget": 90105,
    "team_size": 6,
    "timeline_months": 5,
    "market_demand": 93,
    "tech_feasibility": 95,
    "competitive_advantage": 72,
    "user_engagement": 79,
    "tags_count": 7,
    "hypothesis_validation_rate": 0.8323924351114724,
    "rat_completion_rate": 0.8394621314903523,
    "success": 1
  },
  {
    "id": 80,
    "title": "منصة ذكي لـمالية",
    "description": "وصف تفصيلي للفكرة في مجال مالية. وصف تفصيلي للفكرة في مجال مالية. وصف تفصيلي للفكرة في مجال مالية. وصف تفصيلي للفكرة في مجال مالية. وصف تفصيلي للفكرة في مجال مالية. ",
    "sector": "مالية",
    "budget": 87789,
    "team_size": 6,
    "timeline_months": 5,
    "market_demand": 64,
    "tech_feasibility": 80,
    "competitive_advantage": 71,
    "user_engagement": 70,
    "tags_count": 7,
    "hypothesis_validation_rate": 0.8078113795760646,
    "rat_completion_rate": 0.8949509957737818,
    "success": 1
  },
  {
    "id": 59,
    "title": "منصة مستدام لـزراعة",
    "description": "وصف تفصيلي للفكرة في مجال زراعة. وصف تفصيلي للفكرة في مجال زراعة. وصف تفصيلي للفكرة في مجال زراعة. وصف تفصيلي للفكرة في مجال زراعة. وصف تفصيلي للفكرة في مجال زراعة. ",
    "sector": "زراعة",
    "budget": 168946,
    "team_size": 5,
    "timeline_months": 7,
    "market_demand": 76,
    "tech_feasibility": 72,
    "competitive_advantage": 62,
    "user_engagement": 83,
    "tags_count": 4,
    "hypothesis_validation_rate": 0.6946643832017959,
    "rat_completion_rate": 0.9228643190917312,
    "success": 1
  },
  {
    "id": 20,
    "title": "منصة ذكي لـصحة",
    "description": "وصف تفصيلي للفكرة في مجال صحة. وصف تفصيلي للفكرة في مجال صحة. وصف تفصيلي للفكرة في مجال صحة. وصف تفصيلي للفكرة في مجال صحة. وصف تفصيلي للفكرة في مجال صحة. ",
    "sector": "صحة",
    "budget": 191711,
    "team_size": 3,
    "timeline_months": 4,
    "market_demand": 75,
    "tech_feasibility": 70,
    "competitive_advantage": 81,
    "user_engagement": 75,
    "tags_count": 6,
    "hypothesis_validation_rate": 0.6641241897597545,
    "rat_completion_rate": 0.8203120877648358,
    "success": 1
  },
  {
    "id": 112,
    "title": "نظام قديم لـزراعة",
    "description": "",
    "sector": "زراعة",
    "budget": 26533,
    "team_size": 1,
    "timeline_months": 2,
    "market_demand": 43,
    "tech_feasibility": 41,
    "competitive_advantage": 49,
    "user_engagement": 33,
    "tags_count": 1,
    "hypothesis_validation_rate": 0.26350775889892813,
    "rat_completion_rate": 0.33534685873656783,
    "success": 0
  },
  {
    "id": 113,
    "title": "نظام قديم لـتقنية",
    "description": "وصف تفصيلي للفكرة في مجال تقنية. ",
    "sector": "تقنية",
    "budget": 12159,
    "team_size": 2,
    "timeline_months": 22,
    "market_demand": 25,
    "tech_feasibility": 48,
    "competitive_advantage": 41,
    "user_engagement": 24,
    "tags_count": 1,
    "hypothesis_validation_rate": 0.22409269502072485,
    "rat_completion_rate": 0.46242188721442207,
    "success": 0
  },
  {
    "id": 78,
    "title": "منصة شامل لـزراعة",
    "description": "وصف تفصيلي للفكرة في مجال زراعة. وصف تفصيلي للفكرة في مجال زراعة. وصف تفصيلي للفكرة في مجال زراعة. وصف تفصيلي للفكرة في مجال زراعة. ",
    "sector": "زراعة",
    "budget": 134352,
    "team_size": 4,
    "timeline_months": 6,
    "market_demand": 84,
    "tech_feasibility": 72,
    "competitive_advantage": 81,
    "user_engagement": 61,
    "tags_count": 5,
    "hypothesis_validation_rate": 0.8234115454695587,
    "rat_completion_rate": 0.9115683643075008,
    "success": 1
  },
  {
    "id": 138,
    "title": "نظام مكلف لـتجزئة",
    "description": "وصف تفصيلي للفكرة في مجال تجزئة. ",
    "sector": "تجزئة",
    "budget": 385835,
    "team_size": 1,
    "timeline_months": 34,
    "market_demand": 51,
    "tech_feasibility": 58,
    "competitive_advantage": 29,
    "user_engagement": 46,
    "tags_count": 0,
    "hypothesis_validation_rate": 0.13601963801751374,
    "rat_completion_rate": 0.3572968736453189,
    "success": 0
  },
  {
    "id": 144,
    "title": "نظام مكلف لـتجزئة",
    "description": "وصف تفصيلي للفكرة في مجال تجزئة. ",
    "sector": "تجزئة",
    "budget": 11034,
    "team_size": 1,
    "timeline_months": 28,
    "market_demand": 29,
    "tech_feasibility": 43,
    "competitive_advantage": 42,
    "user_engagement": 28,
    "tags_count": 1,
    "hypothesis_validation_rate": 0.30072780184439507,
    "rat_completion_rate": 0.4445912239567069,
    "success": 0
  },
  {
    "id": 133,
    "title": "نظام محدود لـتعليم",
    "description": "وصف تفصيلي للفكرة في مجال تعليم. ",
    "sector": "تعليم",
    "budget": 333825,
    "team_size": 1,
    "timeline_months": 1,
    "market_demand": 30,
    "tech_feasibility": 40,
    "competitive_advantage": 49,
    "user_engagement": 29,
    "tags_count": 1,
    "hypothesis_validation_rate": 0.478993254723859,
    "rat_completion_rate": 0.4075591173616824,
    "success": 0
  },
  {
    "id": 38,
    "title": "منصة آمن لـتقنية",
    "description": "وصف تفصيلي للفكرة في مجال تقنية. وصف تفصيلي للفكرة في مجال تقنية. وصف تفصيلي للفكرة في مجال تقنية. ",
    "sector": "تقنية",
    "budget": 105098,
    "team_size": 6,
    "timeline_months": 12,
    "market_demand": 80,
    "tech_feasibility": 79,
    "competitive_advantage": 83,
    "user_engagement": 74,
    "tags_count": 4,
    "hypothesis_validation_rate": 0.7533521990623762,
    "rat_completion_rate": 0.9381206197318006,
    "success": 1
  },
  {
    "id": 99,
    "title": "نظام صعب لـطاقة",
    "description": "وصف تفصيلي للفكرة في مجال طاقة. ",
    "sector": "طاقة",
    "budget": 359898,
    "team_size": 2,
    "timeline_months": 2,
    "market_demand": 40,
    "tech_feasibility": 43,
    "competitive_advantage": 30,
    "user_engagement": 31,
    "tags_count": 1,
    "hypothesis_validation_rate": 0.48143700704765,
    "rat_completion_rate": 0.4747284141867907,
    "success": 0
  },
  {
    "id": 131,
    "title": "نظام قديم لـتعليم",
    "description": "وصف تفصيلي للفكرة في مجال تعليم. ",
    "sector": "تعليم",
    "budget": 36007,
    "team_size": 1,
    "timeline_months": 25,
    "market_demand": 21,
    "tech_feasibility": 41,
    "competitive_advantage": 37,
    "user_engagement": 51,
    "tags_count": 1,
    "hypothesis_validation_rate": 0.28696233571666996,
    "rat_completion_rate": 0.5932047830571143,
    "success": 0
  },
  {
    "id": 65,
    "title": "منصة آمن لـتجزئة",
    "description": "وصف تفصيلي للفكرة في مجال تجزئة. وصف تفصيلي للفكرة في مجال تجزئة. وصف تفصيلي للفكرة في مجال تجزئة. وصف تفصيلي للفكرة في مجال تجزئة. ",
    "sector": "تجزئة",
    "budget": 65789,
    "team_size": 7,
    "timeline_months": 4,
    "market_demand": 73,
    "tech_feasibility": 85,
    "competitive_advantage": 68,
    "user_engagement": 68,
    "tags_count": 3,
    "hypothesis_validation_rate": 0.6471171280142631,
    "rat_completion_rate": 0.7521440644979303,
    "success": 1
  },
  {
    "id": 147,
    "title": "نظام بطيء لـنقل",
    "description": "",
    "sector": "نقل",
    "budget": 477372,
    "team_size": 2,
    "timeline_months": 1,
    "market_demand": 38,
    "tech_feasibility": 60,
    "competitive_advantage": 42,
    "user_engagement": 20,
    "tags_count": 1,
    "hypothesis_validation_rate": 0.4696038527559522,
    "rat_completion_rate": 0.46238882022036304,
    "success": 0
  },
  {
    "id": 21,
    "title": "منصة فعال لـتقنية",
    "description": "وصف تفصيلي للفكرة في مجال تقنية. وصف تفصيلي للفكرة في مجال تقنية. وصف تفصيلي للفكرة في مجال تقنية. ",
    "sector": "تقنية",
    "budget": 50565,
    "team_size": 6,
    "timeline_months": 7,
    "market_demand": 89,
    "tech_feasibility": 74,
    "competitive_advantage": 82,
    "user_engagement": 82,
    "tags_count": 7,
    "hypothesis_validation_rate": 0.7985613935852236,
    "rat_completion_rate": 0.8460014234962988,
    "success": 1
  },
  {
    "id": 40,
    "title": "منصة ذكي لـتقنية",
    "description": "وصف تفصيلي للفكرة في مجال تقنية. وصف تفصيلي للفكرة في مجال تقنية. وصف تفصيلي للفكرة في مجال تقنية. ",
    "sector": "تقنية",
    "budget": 174554,
    "team_size": 7,
    "timeline_months": 4,
    "market_demand": 89,
    "tech_feasibility": 78,
    "competitive_advantage": 67,
    "user_engagement": 82,
    "tags_count": 6,
    "hypothesis_validation_rate": 0.7483131507031311,
    "rat_completion_rate": 0.7731953318735316,
    "success": 1
  },
  {
    "id": 60,
    "title": "منصة سريع لـتعليم",
    "description": "وصف تفصيلي للفكرة في مجال تعليم. وصف تفصيلي للفكرة في مجال تعليم. وصف تفصيلي للفكرة في مجال تعليم. ",
    "sector": "تعليم",
    "budget": 176929,
    "team_size": 5,
    "timeline_months": 12,
    "market_demand": 93,
    "tech_feasibility": 84,
    "competitive_advantage": 73,
    "user_engagement": 63,
    "tags_count": 4,
    "hypothesis_validation_rate": 0.6888739389795433,
    "rat_completion_rate": 0.8082643207448159,
    "success": 1
  },
  {
    "id": 16,
    "title": "منصة سريع لـطاقة",
    "description": "وصف تفصيلي للفكرة في مجال طاقة. وصف تفصيلي للفكرة في مجال طاقة. ",
    "sector": "طاقة",
    "budget": 68610,
    "team_size": 8,
    "timeline_months": 3,
    "market_demand": 74,
    "tech_feasibility": 67,
    "competitive_advantage": 57,
    "user_engagement": 87,
    "tags_count": 5,
    "hypothesis_validation_rate": 0.621257204966596,
    "rat_completion_rate": 0.7714013903106985,
    "success": 1
  },
  {
    "id": 116,
    "title": "نظام قديم لـتعليم",
    "description": "وصف تفصيلي للفكرة في مجال تعليم. ",
    "sector": "تعليم",
    "budget": 407704,
    "team_size": 2,
    "timeline_months": 2,
    "market_demand": 54,
    "tech_feasibility": 37,
    "competitive_advantage": 29,
    "user_engagement": 45,
    "tags_count": 0,
    "hypothesis_validation_rate": 0.24713638329001314,
    "rat_completion_rate": 0.5788520680976492,
    "success": 0
  },
  {
    "id": 8,
    "title": "منصة سريع لـزراعة",
    "description": "وصف تفصيلي للفكرة في مجال زراعة. وصف تفصيلي للفكرة في مجال زراعة. وصف تفصيلي للفكرة في مجال زراعة. وصف تفصيلي للفكرة في مجال زراعة. وصف تفصيلي للفكرة في مجال زراعة. ",
    "sector": "زراعة",
    "budget": 180870,
    "team_size": 6,
    "timeline_months": 10,
    "market_demand": 69,
    "tech_feasibility": 73,
    "competitive_advantage": 63,
    "user_engagement": 67,
    "tags_count": 7,
    "hypothesis_validation_rate": 0.7616931869001871,
    "rat_completion_rate": 0.9241041434956774,
    "success": 1
  },
  {
    "id": 122,
    "title": "نظام محدود لـصحة",
    "description": "وصف تفصيلي للفكرة في مجال صحة. ",
    "sector": "صحة",
    "budget": 12217,
    "team_size": 2,
    "timeline_months": 30,
    "market_demand": 36,
    "tech_feasibility": 53,
    "competitive_advantage": 20,
    "user_engagement": 37,
    "tags_count": 0,
    "hypothesis_validation_rate": 0.23792099726535654,
    "rat_completion_rate": 0.49317640858025663,
    "success": 0
  },
  {
    "id": 89,
    "title": "منصة فعال لـنقل",
    "description": "وصف تفصيلي للفكرة في مجال نقل. وصف تفصيلي للفكرة في مجال نقل. وصف تفصيلي للفكرة في مجال نقل. ",
    "sector": "نقل",
    "budget": 176313,
    "team_size": 5,
    "timeline_months": 8,
    "market_demand": 67,
    "tech_feasibility": 79,
    "competitive_advantage": 59,
    "user_engagement": 64,
    "tags_count": 4,
    "hypothesis_validation_rate": 0.8580421790696466,
    "rat_completion_rate": 0.9172650136226554,
    "success": 1
  },
  {
    "id": 47,
    "title": "منصة سريع لـمالية",
    "description": "وصف تفصيلي للفكرة في مجال مالية. وصف تفصيلي للفكرة في مجال مالية. وصف تفصيلي للفكرة في مجال مالية. ",
    "sector": "مالية",
    "budget": 164251,
    "team_size": 6,
    "timeline_months": 3,
    "market_demand": 84,
    "tech_feasibility": 75,
    "competitive_advantage": 80,
    "user_engagement": 83,
    "tags_count": 4,
    "hypothesis_validation_rate": 0.8521516989187676,
    "rat_completion_rate": 0.9758624862006928,
    "success": 1
  },
  {
    "id": 84,
    "title": "منصة متقدم لـنقل",
    "description": "وصف تفصيلي للفكرة في مجال نقل. وصف تفصيلي للفكرة في مجال نقل. وصف تفصيلي للفكرة في مجال نقل. ",
    "sector": "نقل",
    "budget": 52463,
    "team_size": 6,
    "timeline_months": 7,
    "market_demand": 94,
    "tech_feasibility": 70,
    "competitive_advantage": 59,
    "user_engagement": 74,
    "tags_count": 5,
    "hypothesis_validation_rate": 0.8962955085655415,
    "rat_completion_rate": 0.7897462747371317,
    "success": 1
  },
  {
    "id": 108,
    "title": "نظام بطيء لـتجزئة",
    "description": "وصف تفصيلي للفكرة في مجال تجزئة. ",
    "sector": "تجزئة",
    "budget": 17260,
    "team_size": 17,
    "timeline_months": 1,
    "market_demand": 42,
    "tech_feasibility": 41,
    "competitive_advantage": 43,
    "user_engagement": 24,
    "tags_count": 0,
    "hypothesis_validation_rate": 0.14112181111110514,
    "rat_completion_rate": 0.30238728880069193,
    "success": 0
  },
  {
    "id": 2,
    "title": "منصة مبتكر لـتقنية",
    "description": "وصف تفصيلي للفكرة في مجال تقنية. وصف تفصيلي للفكرة في مجال تقنية. وصف تفصيلي للفكرة في مجال تقنية. ",
    "sector": "تقنية",
    "budget": 110990,
    "team_size": 7,
    "timeline_months": 12,
    "market_demand": 61,
    "tech_feasibility": 82,
    "competitive_advantage": 67,
    "user_engagement": 82,
    "tags_count": 7,
    "hypothesis_validation_rate": 0.7258559462884976,
    "rat_completion_rate": 0.8347627138851561,
    "success": 1
  },
  {
    "id": 74,
    "title": "منصة متقدم لـنقل",
    "description": "وصف تفصيلي للفكرة في مجال نقل. وصف تفصيلي للفكرة في مجال نقل. وصف تفصيلي للفكرة في مجال نقل. وصف تفصيلي للفكرة في مجال نقل. وصف تفصيلي للفكرة في مجال نقل. ",
    "sector": "نقل",
    "budget": 177064,
    "team_size": 3,
    "timeline_months": 3,
    "market_demand": 75,
    "tech_feasibility": 87,
    "competitive_advantage": 65,
    "user_engagement": 69,
    "tags_count": 7,
    "hypothesis_validation_rate": 0.6041023393398182,
    "rat_completion_rate": 0.8223972061869708,
    "success": 1
  },
  {
    "id": 93,
    "title": "نظام قديم لـتقنية",
    "description": "وصف تفصيلي للفكرة في مجال تقنية. ",
    "sector": "تقنية",
    "budget": 416230,
    "team_size": 2,
    "timeline_months": 29,
    "market_demand": 23,
    "tech_feasibility": 42,
    "competitive_advantage": 28,
    "user_engagement": 27,
    "tags_count": 0,
    "hypothesis_validation_rate": 0.47960431530485503,
    "rat_completion_rate": 0.5296764327726285,
    "success": 0
  },
  {
    "id": 75,
    "title": "منصة مبتكر لـطاقة",
    "description": "وصف تفصيلي للفكرة في مجال طاقة. وصف تفصيلي للفكرة في مجال طاقة. وصف تفصيلي للفكرة في مجال طاقة. وصف تفصيلي للفكرة في مجال طاقة. ",
    "sector": "طاقة",
    "budget": 80793,
    "team_size": 8,
    "timeline_months": 5,
    "market_demand": 91,
    "tech_feasibility": 94,
    "competitive_advantage": 73,
    "user_engagement": 76,
    "tags_count": 5,
    "hypothesis_validation_rate": 0.7246471028806059,
    "rat_completion_rate": 0.8447498730873568,
    "success": 1
  },
  {
    "id": 39,
    "title": "منصة مبتكر لـتعليم",
    "description": "وصف تفصيلي للفكرة في مجال تعليم. وصف تفصيلي للفكرة في مجال تعليم. وصف تفصيلي للفكرة في مجال تعليم. ",
    "sector": "تعليم",
    "budget": 185122,
    "team_size": 8,
    "timeline_months": 12,
    "market_demand": 81,
    "tech_feasibility": 67,
    "competitive_advantage": 70,
    "user_engagement": 81,
    "tags_count": 5,
    "hypothesis_validation_rate": 0.6673921997991865,
    "rat_completion_rate": 0.759738979817973,
    "success": 1
  },
  {
    "id": 43,
    "title": "منصة فعال لـمالية",
    "description": "وصف تفصيلي للفكرة في مجال مالية. وصف تفصيلي للفكرة في مجال مالية. وصف تفصيلي للفكرة في مجال مالية. وصف تفصيلي للفكرة في مجال مالية. وصف تفصيلي للفكرة في مجال مالية. ",
    "sector": "مالية",
    "budget": 174433,
    "team_size": 6,
    "timeline_months": 7,
    "market_demand": 75,
    "tech_feasibility": 91,
    "competitive_advantage": 72,
    "user_engagement": 84,
    "tags_count": 7,
    "hypothesis_validation_rate": 0.7453791051210801,
    "rat_completion_rate": 0.7717737591443898,
    "success": 1
  },
  {
    "id": 143,
    "title": "نظام بطيء لـتقنية",
    "description": "وصف تفصيلي للفكرة في مجال تقنية. ",
    "sector": "تقنية",
    "budget": 328732,
    "team_size": 24,
    "timeline_months": 33,
    "market_demand": 34,
    "tech_feasibility": 53,
    "competitive_advantage": 21,
    "user_engagement": 52,
    "tags_count": 1,
    "hypothesis_validation_rate": 0.16820482469866374,
    "rat_completion_rate": 0.4516100964581454,
    "success": 0
  },
  {
    "id": 97,
    "title": "نظام محدود لـطاقة",
    "description": "",
    "sector": "طاقة",
    "budget": 472727,
    "team_size": 29,
    "timeline_months": 19,
    "market_demand": 45,
    "tech_feasibility": 43,
    "competitive_advantage": 41,
    "user_engagement": 21,
    "tags_count": 1,
    "hypothesis_validation_rate": 0.38496052595883856,
    "rat_completion_rate": 0.3774249317452034,
    "success": 0
  },
  {
    "id": 58,
    "title": "منصة مبتكر لـتقنية",
    "description": "وصف تفصيلي للفكرة في مجال تقنية. وصف تفصيلي للفكرة في مجال تقنية. وصف تفصيلي للفكرة في مجال تقنية. ",
    "sector": "تقنية",
    "budget": 108090,
    "team_size": 6,
    "timeline_months": 6,
    "market_demand": 79,
    "tech_feasibility": 86,
    "competitive_advantage": 78,
    "user_engagement": 75,
    "tags_count": 7,
    "hypothesis_validation_rate": 0.7592765793437304,
    "rat_completion_rate": 0.8276511438115643,
    "success": 1
  },
  {
    "id": 31,
    "title": "منصة فعال لـتجزئة",
    "description": "وصف تفصيلي للفكرة في مجال تجزئة. وصف تفصيلي للفكرة في مجال تجزئة. وصف تفصيلي للفكرة في مجال تجزئة. ",
    "sector": "تجزئة",
    "budget": 92598,
    "team_size": 4,
    "timeline_months": 9,
    "market_demand": 61,
    "tech_feasibility": 70,
    "competitive_advantage": 76,
    "user_engagement": 85,
    "tags_count": 6,
    "hypothesis_validation_rate": 0.8406705416811417,
    "rat_completion_rate": 0.9592192085125838,
    "success": 1
  },
  {
    "id": 129,
    "title": "نظام قديم لـزراعة",
    "description": "وصف تفصيلي للفكرة في مجال زراعة. ",
    "sector": "زراعة",
    "budget": 18179,
    "team_size": 2,
    "timeline_months": 2,
    "market_demand": 36,
    "tech_feasibility": 54,
    "competitive_advantage": 28,
    "user_engagement": 43,
    "tags_count": 0,
    "hypothesis_validation_rate": 0.49854604486190435,
    "rat_completion_rate": 0.3142307510792632,
    "success": 0
  },
  {
    "id": 34,
    "title": "منصة ذكي لـزراعة",
    "description": "وصف تفصيلي للفكرة في مجال زراعة. وصف تفصيلي للفكرة في مجال زراعة. ",
    "sector": "زراعة",
    "budget": 118475,
    "team_size": 4,
    "timeline_months": 12,
    "market_demand": 76,
    "tech_feasibility": 66,
    "competitive_advantage": 61,
    "user_engagement": 79,
    "tags_count": 6,
    "hypothesis_validation_rate": 0.7037061335039401,
    "rat_completion_rate": 0.9359284534611045,
    "success": 1
  },
  {
    "id": 1,
    "title": "منصة ذكي لـصحة",
    "description": "وصف تفصيلي للفكرة في مجال صحة. وصف تفصيلي للفكرة في مجال صحة. وصف تفصيلي للفكرة في مجال صحة. وصف تفصيلي للفكرة في مجال صحة. وصف تفصيلي للفكرة في مجال صحة. ",
    "sector": "صحة",
    "budget": 122097,
    "team_size": 4,
    "timeline_months": 6,
    "market_demand": 68,
    "tech_feasibility": 88,
    "competitive_advantage": 61,
    "user_engagement": 81,
    "tags_count": 7,
    "hypothesis_validation_rate": 0.6260816497888249,
    "rat_completion_rate": 0.8265765459055812,
    "success": 1
  },
  {
    "id": 32,
    "title": "منصة آمن لـطاقة",
    "description": "وصف تفصيلي للفكرة في مجال طاقة. وصف تفصيلي للفكرة في مجال طاقة. ",
    "sector": "طاقة",
    "budget": 78336,
    "team_size": 6,
    "timeline_months": 3,
    "market_demand": 90,
    "tech_feasibility": 72,
    "competitive_advantage": 67,
    "user_engagement": 86,
    "tags_count": 6,
    "hypothesis_validation_rate": 0.7048975273337756,
    "rat_completion_rate": 0.9461609142914686,
    "success": 1
  },
  {
    "id": 119,
    "title": "نظام مكلف لـزراعة",
    "description": "وصف تفصيلي للفكرة في مجال زراعة. ",
    "sector": "زراعة",
    "budget": 12674,
    "team_size": 2,
    "timeline_months": 1,
    "market_demand": 28,
    "tech_feasibility": 31,
    "competitive_advantage": 29,
    "user_engagement": 45,
    "tags_count": 2,
    "hypothesis_validation_rate": 0.4324441943728706,
    "rat_completion_rate": 0.5035364619062428,
    "success": 0
  },
  {
    "id": 62,
    "title": "منصة ذكي لـصحة",
    "description": "وصف تفصيلي للفكرة في مجال صحة. وصف تفصيلي للفكرة في مجال صحة. وصف تفصيلي للفكرة في مجال صحة. وصف تفصيلي للفكرة في مجال صحة. ",
    "sector": "صحة",
    "budget": 124537,
    "team_size": 6,
    "timeline_months": 10,
    "market_demand": 88,
    "tech_feasibility": 75,
    "competitive_advantage": 66,
    "user_engagement": 90,
    "tags_count": 3,
    "hypothesis_validation_rate": 0.6757435171478918,
    "rat_completion_rate": 0.958516889388254,
    "success": 1
  },
  {
    "id": 18,
    "title": "منصة مستدام لـتجزئة",
    "description": "وصف تفصيلي للفكرة في مجال تجزئة. وصف تفصيلي للفكرة في مجال تجزئة. وصف تفصيلي للفكرة في مجال تجزئة. وصف تفصيلي للفكرة في مجال تجزئة. ",
    "sector": "تجزئة",
    "budget": 157767,
    "team_size": 6,
    "timeline_months": 3,
    "market_demand": 66,
    "tech_feasibility": 66,
    "competitive_advantage": 80,
    "user_engagement": 83,
    "tags_count": 5,
    "hypothesis_validation_rate": 0.8401777532585096,
    "rat_completion_rate": 0.7327807096734411,
    "success": 1
  },
  {
    "id": 24,
    "title": "منصة مبتكر لـتقنية",
    "description": "وصف تفصيلي للفكرة في مجال تقنية. وصف تفصيلي للفكرة في مجال تقنية. وصف تفصيلي للفكرة في مجال تقنية. وصف تفصيلي للفكرة في مجال تقنية. ",
    "sector": "تقنية",
    "budget": 198170,
    "team_size": 7,
    "timeline_months": 8,
    "market_demand": 76,
    "tech_feasibility": 71,
    "competitive_advantage": 75,
    "user_engagement": 67,
    "tags_count": 5,
    "hypothesis_validation_rate": 0.7187357540373763,
    "rat_completion_rate": 0.9015070668879914,
    "success": 1
  },
  {
    "id": 13,
    "title": "منصة آمن لـزراعة",
    "description": "وصف تفصيلي للفكرة في مجال زراعة. وصف تفصيلي للفكرة في مجال زراعة. وصف تفصيلي للفكرة في مجال زراعة. ",
    "sector": "زراعة",
    "budget": 65184,
    "team_size": 4,
    "timeline_months": 12,
    "market_demand": 65,
    "tech_feasibility": 67,
    "competitive_advantage": 86,
    "user_engagement": 86,
    "tags_count": 3,
    "hypothesis_validation_rate": 0.8933953481032002,
    "rat_completion_rate": 0.8598118508588547,
    "success": 1
  },
  {
    "id": 149,
    "title": "نظام بطيء لـتجزئة",
    "description": "وصف تفصيلي للفكرة في مجال تجزئة. ",
    "sector": "تجزئة",
    "budget": 13294,
    "team_size": 15,
    "timeline_months": 31,
    "market_demand": 50,
    "tech_feasibility": 50,
    "competitive_advantage": 26,
    "user_engagement": 33,
    "tags_count": 1,
    "hypothesis_validation_rate": 0.21416613652079675,
    "rat_completion_rate": 0.2236650344965963,
    "success": 0
  },
  {
    "id": 123,
    "title": "نظام محدود لـصحة",
    "description": "وصف تفصيلي للفكرة في مجال صحة. ",
    "sector": "صحة",
    "budget": 311622,
    "team_size": 25,
    "timeline_months": 32,
    "market_demand": 31,
    "tech_feasibility": 55,
    "competitive_advantage": 24,
    "user_engagement": 19,
    "tags_count": 2,
    "hypothesis_validation_rate": 0.41047615988136876,
    "rat_completion_rate": 0.38307183097894126,
    "success": 0
  },
  {
    "id": 12,
    "title": "منصة سريع لـنقل",
    "description": "وصف تفصيلي للفكرة في مجال نقل. وصف تفصيلي للفكرة في مجال نقل. ",
    "sector": "نقل",
    "budget": 148019,
    "team_size": 4,
    "timeline_months": 11,
    "market_demand": 93,
    "tech_feasibility": 94,
    "competitive_advantage": 55,
    "user_engagement": 79,
    "tags_count": 5,
    "hypothesis_validation_rate": 0.7465817124086844,
    "rat_completion_rate": 0.7335603175962685,
    "success": 1
  },
  {
    "id": 136,
    "title": "نظام مكلف لـمالية",
    "description": "وصف تفصيلي للفكرة في مجال مالية. ",
    "sector": "مالية",
    "budget": 19746,
    "team_size": 1,
    "timeline_months": 31,
    "market_demand": 49,
    "tech_feasibility": 36,
    "competitive_advantage": 30,
    "user_engagement": 53,
    "tags_count": 0,
    "hypothesis_validation_rate": 0.22503299969877322,
    "rat_completion_rate": 0.48734515404497497,
    "success": 0
  },
  {
    "id": 134,
    "title": "نظام معقد لـنقل",
    "description": "وصف تفصيلي للفكرة في مجال نقل. ",
    "sector": "نقل",
    "budget": 466476,
    "team_size": 19,
    "timeline_months": 2,
    "market_demand": 52,
    "tech_feasibility": 50,
    "competitive_advantage": 25,
    "user_engagement": 52,
    "tags_count": 2,
    "hypothesis_validation_rate": 0.16167770675182527,
    "rat_completion_rate": 0.4634931493535017,
    "success": 0
  },
  {
    "id": 55,
    "title": "منصة مستدام لـنقل",
    "description": "وصف تفصيلي للفكرة في مجال نقل. وصف تفصيلي للفكرة في مجال نقل. وصف تفصيلي للفكرة في مجال نقل. ",
    "sector": "نقل",
    "budget": 72718,
    "team_size": 5,
    "timeline_months": 10,
    "market_demand": 75,
    "tech_feasibility": 89,
    "competitive_advantage": 84,
    "user_engagement": 78,
    "tags_count": 7,
    "hypothesis_validation_rate": 0.8004565411336481,
    "rat_completion_rate": 0.8009189859674125,
    "success": 1
  },
  {
    "id": 106,
    "title": "نظام مكلف لـتجزئة",
    "description": "",
    "sector": "تجزئة",
    "budget": 22458,
    "team_size": 1,
    "timeline_months": 19,
    "market_demand": 21,
    "tech_feasibility": 44,
    "competitive_advantage": 49,
    "user_engagement": 19,
    "tags_count": 1,
    "hypothesis_validation_rate": 0.33030366429473246,
    "rat_completion_rate": 0.4293598723543372,
    "success": 0
  },
  {
    "id": 52,
    "title": "منصة آمن لـتقنية",
    "description": "وصف تفصيلي للفكرة في مجال تقنية. وصف تفصيلي للفكرة في مجال تقنية. وصف تفصيلي للفكرة في مجال تقنية. وصف تفصيلي للفكرة في مجال تقنية. ",
    "sector": "تقنية",
    "budget": 148384,
    "team_size": 6,
    "timeline_months": 6,
    "market_demand": 64,
    "tech_feasibility": 83,
    "competitive_advantage": 70,
    "user_engagement": 63,
    "tags_count": 5,
    "hypothesis_validation_rate": 0.8550879717266389,
    "rat_completion_rate": 0.8801234844450532,
    "success": 1
  },
  {
    "id": 115,
    "title": "نظام مكلف لـطاقة",
    "description": "",
    "sector": "طاقة",
    "budget": 320228,
    "team_size": 18,
    "timeline_months": 1,
    "market_demand": 44,
    "tech_feasibility": 34,
    "competitive_advantage": 25,
    "user_engagement": 26,
    "tags_count": 2,
    "hypothesis_validation_rate": 0.40843912549239536,
    "rat_completion_rate": 0.5236174878557205,
    "success": 0
  },
  {
    "id": 82,
    "title": "منصة متقدم لـصحة",
    "description": "وصف تفصيلي للفكرة في مجال صحة. وصف تفصيلي للفكرة في مجال صحة. ",
    "sector": "صحة",
    "budget": 128503,
    "team_size": 3,
    "timeline_months": 3,
    "market_demand": 80,
    "tech_feasibility": 90,
    "competitive_advantage": 58,
    "user_engagement": 69,
    "tags_count": 5,
    "hypothesis_validation_rate": 0.7124523269325944,
    "rat_completion_rate": 0.7436709387098195,
    "success": 1
  },
  {
    "id": 110,
    "title": "نظام بطيء لـنقل",
    "description": "",
    "sector": "نقل",
    "budget": 21532,
    "team_size": 2,
    "timeline_months": 2,
    "market_demand": 43,
    "tech_feasibility": 56,
    "competitive_advantage": 29,
    "user_engagement": 19,
    "tags_count": 2,
    "hypothesis_validation_rate": 0.4457000135700957,
    "rat_completion_rate": 0.5421173485824361,
    "success": 0
  },
  {
    "id": 79,
    "title": "منصة شامل لـتجزئة",
    "description": "وصف تفصيلي للفكرة في مجال تجزئة. وصف تفصيلي للفكرة في مجال تجزئة. وصف تفصيلي للفكرة في مجال تجزئة. وصف تفصيلي للفكرة في مجال تجزئة. وصف تفصيلي للفكرة في مجال تجزئة. ",
    "sector": "تجزئة",
    "budget": 89873,
    "team_size": 6,
    "timeline_months": 3,
    "market_demand": 68,
    "tech_feasibility": 81,
    "competitive_advantage": 76,
    "user_engagement": 87,
    "tags_count": 3,
    "hypothesis_validation_rate": 0.8622571122162925,
    "rat_completion_rate": 0.8320918629312031,
    "success": 1
  },
  {
    "id": 45,
    "title": "منصة سريع لـتعليم",
    "description": "وصف تفصيلي للفكرة في مجال تعليم. وصف تفصيلي للفكرة في مجال تعليم. ",
    "sector": "تعليم",
    "budget": 158755,
    "team_size": 6,
    "timeline_months": 8,
    "market_demand": 94,
    "tech_feasibility": 79,
    "competitive_advantage": 81,
    "user_engagement": 61,
    "tags_count": 4,
    "hypothesis_validation_rate": 0.8498673508021464,
    "rat_completion_rate": 0.8168430438000823,
    "success": 1
  },
  {
    "id": 139,
    "title": "نظام مكلف لـمالية",
    "description": "وصف تفصيلي للفكرة في مجال مالية. ",
    "sector": "مالية",
    "budget": 29115,
    "team_size": 2,
    "timeline_months": 33,
    "market_demand": 54,
    "tech_feasibility": 30,
    "competitive_advantage": 47,
    "user_engagement": 21,
    "tags_count": 1,
    "hypothesis_validation_rate": 0.15357397759692587,
    "rat_completion_rate": 0.3057891599163653,
    "success": 0
  },
  {
    "id": 76,
    "title": "منصة سريع لـمالية",
    "description": "وصف تفصيلي للفكرة في مجال مالية. وصف تفصيلي للفكرة في مجال مالية. وصف تفصيلي للفكرة في مجال مالية. وصف تفصيلي للفكرة في مجال مالية. ",
    "sector": "مالية",
    "budget": 194510,
    "team_size": 4,
    "timeline_months": 9,
    "market_demand": 72,
    "tech_feasibility": 94,
    "competitive_advantage": 87,
    "user_engagement": 83,
    "tags_count": 4,
    "hypothesis_validation_rate": 0.8592080803285764,
    "rat_completion_rate": 0.7828742208466123,
    "success": 1
  },
  {
    "id": 87,
    "title": "منصة سريع لـزراعة",
    "description": "وصف تفصيلي للفكرة في مجال زراعة. وصف تفصيلي للفكرة في مجال زراعة. وصف تفصيلي للفكرة في مجال زراعة. وصف تفصيلي للفكرة في مجال زراعة. وصف تفصيلي للفكرة في مجال زراعة. ",
    "sector": "زراعة",
    "budget": 99841,
    "team_size": 7,
    "timeline_months": 7,
    "market_demand": 68,
    "tech_feasibility": 85,
    "competitive_advantage": 61,
    "user_engagement": 88,
    "tags_count": 3,
    "hypothesis_validation_rate": 0.6926798651857908,
    "rat_completion_rate": 0.8322469570488434,
    "success": 1
  },
  {
    "id": 4,
    "title": "منصة مستدام لـزراعة",
    "description": "وصف تفصيلي للفكرة في مجال زراعة. وصف تفصيلي للفكرة في مجال زراعة. وصف تفصيلي للفكرة في مجال زراعة. وصف تفصيلي للفكرة في مجال زراعة. وصف تفصيلي للفكرة في مجال زراعة. ",
    "sector": "زراعة",
    "budget": 119342,
    "team_size": 3,
    "timeline_months": 10,
    "market_demand": 94,
    "tech_feasibility": 68,
    "competitive_advantage": 79,
    "user_engagement": 62,
    "tags_count": 7,
    "hypothesis_validation_rate": 0.6879534844221279,
    "rat_completion_rate": 0.888591939848333,
    "success": 1
  },
  {
    "id": 48,
    "title": "منصة شامل لـتقنية",
    "description": "وصف تفصيلي للفكرة في مجال تقنية. وصف تفصيلي للفكرة في مجال تقنية. وصف تفصيلي للفكرة في مجال تقنية. وصف تفصيلي للفكرة في مجال تقنية. وصف تفصيلي للفكرة في مجال تقنية. ",
    "sector": "تقنية",
    "budget": 197951,
    "team_size": 8,
    "timeline_months": 3,
    "market_demand": 65,
    "tech_feasibility": 85,
    "competitive_advantage": 82,
    "user_engagement": 64,
    "tags_count": 6,
    "hypothesis_validation_rate": 0.6545187079540297,
    "rat_completion_rate": 0.7780468941757914,
    "success": 1
  },
  {
    "id": 66,
    "title": "منصة فعال لـصحة",
    "description": "وصف تفصيلي للفكرة في مجال صحة. وصف تفصيلي للفكرة في مجال صحة. ",
    "sector": "صحة",
    "budget": 157090,
    "team_size": 6,
    "timeline_months": 12,
    "market_demand": 90,
    "tech_feasibility": 74,
    "competitive_advantage": 57,
    "user_engagement": 67,
    "tags_count": 5,
    "hypothesis_validation_rate": 0.81208674896371,
    "rat_completion_rate": 0.9108962674281151,
    "success": 1
  },
  {
    "id": 118,
    "title": "نظام بطيء لـصحة",
    "description": "",
    "sector": "صحة",
    "budget": 342024,
    "team_size": 29,
    "timeline_months": 1,
    "market_demand": 34,
    "tech_feasibility": 56,
    "competitive_advantage": 34,
    "user_engagement": 37,
    "tags_count": 0,
    "hypothesis_validation_rate": 0.2659587623276022,
    "rat_completion_rate": 0.3585815861880991,
    "success": 0
  },
  {
    "id": 42,
    "title": "منصة متقدم لـتعليم",
    "description": "وصف تفصيلي للفكرة في مجال تعليم. وصف تفصيلي للفكرة في مجال تعليم. وصف تفصيلي للفكرة في مجال تعليم. وصف تفصيلي للفكرة في مجال تعليم. وصف تفصيلي للفكرة في مجال تعليم. ",
    "sector": "تعليم",
    "budget": 189233,
    "team_size": 7,
    "timeline_months": 12,
    "market_demand": 80,
    "tech_feasibility": 95,
    "competitive_advantage": 83,
    "user_engagement": 79,
    "tags_count": 7,
    "hypothesis_validation_rate": 0.7280222270575967,
    "rat_completion_rate": 0.972056419136834,
    "success": 1
  },
  {
    "id": 85,
    "title": "منصة آمن لـتجزئة",
    "description": "وصف تفصيلي للفكرة في مجال تجزئة. وصف تفصيلي للفكرة في مجال تجزئة. وصف تفصيلي للفكرة في مجال تجزئة. وصف تفصيلي للفكرة في مجال تجزئة. ",
    "sector": "تجزئة",
    "budget": 129199,
    "team_size": 4,
    "timeline_months": 9,
    "market_demand": 90,
    "tech_feasibility": 68,
    "competitive_advantage": 70,
    "user_engagement": 72,
    "tags_count": 7,
    "hypothesis_validation_rate": 0.7076877472731737,
    "rat_completion_rate": 0.7887617170647353,
    "success": 1
  },
  {
    "id": 29,
    "title": "منصة شامل لـمالية",
    "description": "وصف تفصيلي للفكرة في مجال مالية. وصف تفصيلي للفكرة في مجال مالية. وصف تفصيلي للفكرة في مجال مالية. وصف تفصيلي للفكرة في مجال مالية. ",
    "sector": "مالية",
    "budget": 52534,
    "team_size": 3,
    "timeline_months": 4,
    "market_demand": 69,
    "tech_feasibility": 82,
    "competitive_advantage": 57,
    "user_engagement": 86,
    "tags_count": 5,
    "hypothesis_validation_rate": 0.7747528699469381,
    "rat_completion_rate": 0.7444281356702448,
    "success": 1
  },
  {
    "id": 50,
    "title": "منصة مستدام لـتقنية",
    "description": "وصف تفصيلي للفكرة في مجال تقنية. وصف تفصيلي للفكرة في مجال تقنية. وصف تفصيلي للفكرة في مجال تقنية. ",
    "sector": "تقنية",
    "budget": 67987,
    "team_size": 8,
    "timeline_months": 3,
    "market_demand": 61,
    "tech_feasibility": 95,
    "competitive_advantage": 70,
    "user_engagement": 66,
    "tags_count": 3,
    "hypothesis_validation_rate": 0.7864006969758474,
    "rat_completion_rate": 0.7715634825666717,
    "success": 1
  },
  {
    "id": 70,
    "title": "منصة ذكي لـنقل",
    "description": "وصف تفصيلي للفكرة في مجال نقل. وصف تفصيلي للفكرة في مجال نقل. وصف تفصيلي للفكرة في مجال نقل. وصف تفصيلي للفكرة في مجال نقل. وصف تفصيلي للفكرة في مجال نقل. ",
    "sector": "نقل",
    "budget": 95925,
    "team_size": 6,
    "timeline_months": 11,
    "market_demand": 88,
    "tech_feasibility": 94,
    "competitive_advantage": 72,
    "user_engagement": 65,
    "tags_count": 7,
    "hypothesis_validation_rate": 0.7307654961231009,
    "rat_completion_rate": 0.944273483362181,
    "success": 1
  },
  {
    "id": 120,
    "title": "نظام صعب لـمالية",
    "description": "",
    "sector": "مالية",
    "budget": 39683,
    "team_size": 1,
    "timeline_months": 35,
    "market_demand": 27,
    "tech_feasibility": 54,
    "competitive_advantage": 29,
    "user_engagement": 30,
    "tags_count": 1,
    "hypothesis_validation_rate": 0.14873933806344702,
    "rat_completion_rate": 0.29537580138392905,
    "success": 0
  },
  {
    "id": 130,
    "title": "نظام مكلف لـمالية",
    "description": "",
    "sector": "مالية",
    "budget": 319412,
    "team_size": 20,
    "timeline_months": 20,
    "market_demand": 42,
    "tech_feasibility": 52,
    "competitive_advantage": 22,
    "user_engagement": 50,
    "tags_count": 2,
    "hypothesis_validation_rate": 0.21614491311112546,
    "rat_completion_rate": 0.31998267129469526,
    "success": 0
  },
  {
    "id": 35,
    "title": "منصة مبتكر لـتجزئة",
    "description": "وصف تفصيلي للفكرة في مجال تجزئة. وصف تفصيلي للفكرة في مجال تجزئة. وصف تفصيلي للفكرة في مجال تجزئة. ",
    "sector": "تجزئة",
    "budget": 99828,
    "team_size": 5,
    "timeline_months": 3,
    "market_demand": 87,
    "tech_feasibility": 65,
    "competitive_advantage": 88,
    "user_engagement": 89,
    "tags_count": 7,
    "hypothesis_validation_rate": 0.806057144074358,
    "rat_completion_rate": 0.982078936119266,
    "success": 1
  },
  {
    "id": 127,
    "title": "نظام صعب لـزراعة",
    "description": "",
    "sector": "زراعة",
    "budget": 392421,
    "team_size": 23,
    "timeline_months": 20,
    "market_demand": 43,
    "tech_feasibility": 46,
    "competitive_advantage": 45,
    "user_engagement": 25,
    "tags_count": 0,
    "hypothesis_validation_rate": 0.1571117873450199,
    "rat_completion_rate": 0.44302916132834214,
    "success": 0
  },
  {
    "id": 135,
    "title": "نظام محدود لـزراعة",
    "description": "",
    "sector": "زراعة",
    "budget": 37041,
    "team_size": 16,
    "timeline_months": 24,
    "market_demand": 21,
    "tech_feasibility": 45,
    "competitive_advantage": 48,
    "user_engagement": 55,
    "tags_count": 2,
    "hypothesis_validation_rate": 0.2158686627206423,
    "rat_completion_rate": 0.582660067981762,
    "success": 0
  },
  {
    "id": 140,
    "title": "نظام صعب لـزراعة",
    "description": "وصف تفصيلي للفكرة في مجال زراعة. ",
    "sector": "زراعة",
    "budget": 11482,
    "team_size": 2,
    "timeline_months": 20,
    "market_demand": 52,
    "tech_feasibility": 44,
    "competitive_advantage": 44,
    "user_engagement": 50,
    "tags_count": 1,
    "hypothesis_validation_rate": 0.4301245271834454,
    "rat_completion_rate": 0.4492966314566095,
    "success": 0
  },
  {
    "id": 117,
    "title": "نظام صعب لـمالية",
    "description": "وصف تفصيلي للفكرة في مجال مالية. ",
    "sector": "مالية",
    "budget": 400105,
    "team_size": 1,
    "timeline_months": 1,
    "market_demand": 50,
    "tech_feasibility": 57,
    "competitive_advantage": 31,
    "user_engagement": 50,
    "tags_count": 0,
    "hypothesis_validation_rate": 0.3845603908476003,
    "rat_completion_rate": 0.4063637550209941,
    "success": 0
  },
  {
    "id": 73,
    "title": "منصة شامل لـمالية",
    "description": "وصف تفصيلي للفكرة في مجال مالية. وصف تفصيلي للفكرة في مجال مالية. ",
    "sector": "مالية",
    "budget": 99173,
    "team_size": 7,
    "timeline_months": 8,
    "market_demand": 91,
    "tech_feasibility": 85,
    "competitive_advantage": 83,
    "user_engagement": 84,
    "tags_count": 3,
    "hypothesis_validation_rate": 0.6610674715050822,
    "rat_completion_rate": 0.8647658917255995,
    "success": 1
  },
  {
    "id": 86,
    "title": "منصة ذكي لـنقل",
    "description": "وصف تفصيلي للفكرة في مجال نقل. وصف تفصيلي للفكرة في مجال نقل. وصف تفصيلي للفكرة في مجال نقل. وصف تفصيلي للفكرة في مجال نقل. وصف تفصيلي للفكرة في مجال نقل. ",
    "sector": "نقل",
    "budget": 153758,
    "team_size": 5,
    "timeline_months": 3,
    "market_demand": 63,
    "tech_feasibility": 94,
    "competitive_advantage": 86,
    "user_engagement": 86,
    "tags_count": 5,
    "hypothesis_validation_rate": 0.8327222938810143,
    "rat_completion_rate": 0.7690355172911248,
    "success": 1
  },
  {
    "id": 28,
    "title": "منصة متقدم لـنقل",
    "description": "وصف تفصيلي للفكرة في مجال نقل. وصف تفصيلي للفكرة في مجال نقل. وصف تفصيلي للفكرة في مجال نقل. ",
    "sector": "نقل",
    "budget": 63316,
    "team_size": 3,
    "timeline_months": 9,
    "market_demand": 77,
    "tech_feasibility": 66,
    "competitive_advantage": 55,
    "user_engagement": 70,
    "tags_count": 4,
    "hypothesis_validation_rate": 0.7911340131904139,
    "rat_completion_rate": 0.7785865787303045,
    "success": 1
  }
]